channel,mean,median,std,p2.5,p97.5,cv
facebook_S,62.176680163774726,58.75350213990717,17.300421600663267,32.400437498095805,96.56287176340066,0.2782461455821311
ooh_S,0.6601203570814046,0.6540148953522831,0.45198959091914265,-0.11742541749856839,1.5392367689766309,0.6847078507282033
print_S,9.919566717763407,10.046766519993508,4.821133806329484,0.5644857997648143,18.821053531506077,0.48602262009045877
search_S,84.5234083625417,83.1043649635051,13.341814243018714,61.16908032475234,110.97196260554067,0.15784756556186647
tv_S,7.193552517803862,7.1088303299843725,1.555571499524049,4.6855464708233665,10.132206402261122,0.21624524123151231
