dropped,facebook_S,ooh_S,print_S,search_S,tv_S
<none>,62.22796162043109,0.6339143589816747,10.290582395869356,84.69819155918607,7.05641891615689
tv_S,72.0955209432641,0.7102185470051074,10.250569945400592,95.32962338967067,
ooh_S,63.57564781396773,,10.930000766236166,91.99834160376327,7.063518945321189
print_S,67.88819751459647,0.7815606629381154,,92.6421641194649,7.090385277962558
facebook_S,,0.544206389881584,15.056615881865557,93.11320089363403,8.196608812206204
search_S,50.4640658448766,0.48483896974558155,16.84963178677919,,8.945758146373008
