estimator,facebook_S,ooh_S,print_S,search_S,tv_S
causal-lift (OLS+HAC),62.22796162043109,0.6339143589816747,10.290582395869356,84.69819155918607,7.05641891615689
sklearn OLS (sanity check),62.22796162066058,0.6339143590098502,10.290582395935644,84.698191559174,7.056418916166308
Ridge(alpha=1),62.88022251129205,0.669273721270757,10.583351259483003,84.85507180584315,7.104221386654488
Ridge(alpha=100),88.96590979389516,2.083325062578581,22.291215791044475,91.13265905754425,9.015839068671974
Ridge(alpha=10000),107.01728661690593,3.0510449039449283,30.2683559112632,96.05541712670434,10.31679453858812
RidgeCV (alpha*=0.01),62.280517578125,0.513916015625,10.381256103515625,84.7669677734375,7.3699951171875
