channel,truth,mean_est,median_est,bias,rel_err,sd_est,ci_coverage_95,mean_vif
facebook,2.0,1.9825157915176246,1.9873617940016883,-0.01748420848237542,0.048737191053864565,0.12194402134838613,0.945,1.0591290261722275
google,4.5,4.581544641737165,4.576143822602179,0.0815446417371648,0.04594852029302627,0.25447633979518475,0.905,1.1254479004584714
tiktok,0.8,0.8960503968694147,0.8025084812687662,0.09605039686941463,0.5966195597930254,0.6027225919770153,0.92,1.057984217755192
