channel,total_spend,iROAS,raw_coef,ci_low,ci_high,vif,recommendation
facebook_S,446296.8278694579,62.216329358693024,62.216329358693024,24.65139718391015,99.7812615334759,1.047838511826649,SCALE
ooh_S,8989331.733333332,0.6310454646894907,0.6310454646894907,-0.2882750433618517,1.5503659727408332,1.0688776622460368,CUT
print_S,775555.5111111114,10.245777286312872,10.245777286312872,1.627917947650129,18.863636624975616,1.0771088168897889,HOLD
search_S,1230426.6666666667,84.9480751070488,84.9480751070488,60.47835297839924,109.41779723569834,1.549609084190675,SCALE
tv_S,3087487.7733333325,7.052756410775487,7.052756410775487,4.363648853214203,9.741863968336771,1.0679529951844353,SCALE
